{
    "ALR": {
        "INCLINATION": 2.111012,
        "R_TER": 6356753.241,
        "ZERO": [
            36.132746,
            -5.442014
        ]
    },
    "APP": {
        "INCLINATION": 112.239315,
        "R_TER": 6377636.154,
        "ZERO": [
            6.444279,
            3.380683
        ]
    },
    "CAL": {
        "INCLINATION": 4.570261,
        "R_TER": 6372988.929,
        "ZERO": [
            -12.056926,
            -77.147439
        ]
    },
    "GOT": {
        "INCLINATION": 270.402601,
        "R_TER": 6360511.519,
        "ZERO": [
            57.688416,
            11.865851
        ]
    },
    "MOIN": {
        "INCLINATION": 108.345151,
        "R_TER": 6371612.945,
        "ZERO": [
            10.016504, 
            -83.101919
        ]
    },
    "PTP": {
        "INCLINATION": 338.326977,
        "R_TER": 6357969.084,
        "ZERO": [
            1.330909,
            103.55721
        ]
    },
    "SCCT": {
        "INCLINATION": 13.170825,
        "R_TER": 6377138.164,
        "ZERO": [
            31.192593,
            32.347109
        ]
    },
    "SLL": {
        "INCLINATION": 66.076129,
        "R_TER": 6359093.017,
        "ZERO": [
            16.943882,
            53.994286
        ]
    },
    "TC1": {
        "INCLINATION": 43.709025,
        "R_TER": 6357976.759,
        "ZERO": [
            35.887102,
            -5.502535
        ]
    },
    "VADO": {
        "INCLINATION": 44.018188,
        "R_TER": 6376474.602,
        "ZERO": [
            44.266951,
            8.440652
        ]
    }
}