{
    "ACT": {
        "INCLINATION": 188.979104,
        "MED": [
            29.4675,
            34.9762
        ],
        "R_TER": 6359616.73,
        "ZERO": [
            29.4745824080943,
            34.9855124348246
        ],
        "ZOOM": 17
    },
    "ALR": {
        "INCLINATION": 2.111012,
        "MED": [
            36.1412,
            -5.4387
        ],
        "R_TER": 6356753.241,
        "ZERO": [
            36.132746,
            -5.442014
        ],
        "ZOOM": 16
    },
    "APP": {
        "INCLINATION": 112.239315,
        "MED": [
            6.4383,
            3.388
        ],
        "R_TER": 6377636.154,
        "ZERO": [
            6.444279,
            3.380683
        ],
        "ZOOM": 17
    },
    "BCN": {
        "INCLINATION": 26.394006,
        "MED": [
            41.3527,
            2.1679
        ],
        "R_TER": 6373137.453,
        "ZERO": [
            41.347542,
            2.157113
        ],
        "ZOOM": 16
    },
    "CAL": {
        "INCLINATION": 4.570261,
        "MED": [
            -12.0495,
            -77.1472
        ],
        "R_TER": 6372988.929,
        "ZERO": [
            -12.056926,
            -77.147439
        ],
        "ZOOM": 16
    },
    "ELZ": {
        "INCLINATION": 27.731802,
        "MED": [
            40.6658,
            -74.1536
        ],
        "R_TER": 6377448.682,
        "ZERO": [
            40.667645,
            -74.173703
        ],
        "ZOOM": 17
    },
    "GOT": {
        "INCLINATION": 270.402601,
        "MED": [
            57.6925,
            11.8575
        ],
        "R_TER": 6360511.519,
        "ZERO": [
            57.688416,
            11.865851
        ],
        "ZOOM": 16
    },
    "GTI": {
        "INCLINATION": 36.333055,
        "MED": [
            18.9441,
            72.9469
        ],
        "R_TER": 6377956.462,
        "ZERO": [
            18.939165,
            72.942743
        ],
        "ZOOM": 16
    },
    "LAZARO": {
        "INCLINATION": 357.690648,
        "MED": [
            17.9556,
            -102.17461
        ],
        "R_TER": 6365508.005,
        "ZERO": [
            17.961978,
            -102.180945
        ],
        "ZOOM": 17
    },
    "MOB": {
        "INCLINATION": 313.193269,
        "MED": [
            30.6669,
            -88.0375
        ],
        "R_TER": 6368214.363,
        "ZERO": [
            30.658407,
            -88.038371
        ],
        "ZOOM": 17
    },
    "MOIN": {
        "INCLINATION": 108.345151,
        "MED": [
            10.0129,
            -83.0979
        ],
        "R_TER": 6371612.945,
        "ZERO": [
            10.016583,
            -83.101893
        ],
        "ZOOM": 17
    },
    "PTP": {
        "INCLINATION": 338.326977,
        "MED": [
            1.3535,
            103.551
        ],
        "R_TER": 6357969.084,
        "ZERO": [
            1.330909,
            103.55721
        ],
        "ZOOM": 15
    },
    "SCCT": {
        "INCLINATION": 13.170825,
        "MED": [
            31.2072,
            32.3571
        ],
        "R_TER": 6377138.164,
        "ZERO": [
            31.192593,
            32.347109
        ],
        "ZOOM": 15
    },
    "SLL": {
        "INCLINATION": 66.076129,
        "MED": [
            16.9481,
            54.0075
        ],
        "R_TER": 6359093.017,
        "ZERO": [
            16.943882,
            53.994286
        ],
        "ZOOM": 16
    },
    "TC1": {
        "INCLINATION": 43.709025,
        "MED": [
            35.8887,
            -5.4955
        ],
        "R_TER": 6357976.759,
        "ZERO": [
            35.887102,
            -5.502535
        ],
        "ZOOM": 17
    },
    "TM2": {
        "INCLINATION": 40.848809,
        "MED": [
            35.862,
            -5.5371
        ],
        "R_TER": 6358275.12,
        "ZERO": [
            35.859533708166,
            -5.54439206271778
        ],
        "ZOOM": 17
    },
    "VADO": {
        "INCLINATION": 44.018188,
        "MED": [
            44.2691,
            8.4464
        ],
        "R_TER": 6376474.602,
        "ZERO": [
            44.266951,
            8.440652
        ],
        "ZOOM": 17
    },
    "VAL": {
        "INCLINATION": 151.743431,
        "MED": [
            39.453432,
            -0.317377
        ],
        "R_TER": 6357508.842,
        "ZERO": [
            39.462383,
            -0.317913
        ],
        "ZOOM": 16
    }
}